date,open,high,low,close,volume,dividend,split
2016-03-14,4352.75,4378.25,4340.5,4366.0,156647.0,0,1
2016-03-15,4364.75,4372.0,4338.0,4364.5,106669.0,0,1
2016-03-16,4366.25,4416.5,4349.0,4397.5,71625.0,0,1
2016-03-17,4396.75,4422.0,4369.0,4402.25,65619.0,0,1
2016-03-18,4404.75,4418.25,4394.0,4414.25,51815.0,0,1
2016-03-20,,,,,,0,1
2016-03-21,4394.75,4421.25,4376.75,4416.25,240454.0,0,1
2016-03-22,4416.0,4440.5,4383.75,4434.5,169724.0,0,1
2016-03-23,4434.75,4441.25,4383.25,4395.5,190219.0,0,1
2016-03-24,4395.0,4401.0,4365.0,4397.25,212040.0,0,1
2016-03-27,,,,,,0,1
2016-03-28,4401.5,4425.75,4381.5,4389.5,196013.0,0,1
2016-03-29,4389.75,4463.5,4374.0,4458.25,133720.0,0,1
2016-03-30,4460.75,4510.25,4456.5,4482.0,229527.0,0,1
2016-03-31,4480.25,4495.5,4462.25,4476.25,222490.0,0,1
2016-04-01,4477.75,4529.5,4441.5,4528.5,190526.0,0,1
2016-04-03,,,,,,0,1
2016-04-04,4526.75,4543.75,4495.25,4500.25,245916.0,0,1
2016-04-05,4499.75,4501.5,4456.5,4469.5,189635.0,0,1
2016-04-06,4476.0,4537.75,4467.25,4535.0,218944.0,0,1
2016-04-07,4533.5,4539.5,4450.75,4470.25,241958.0,0,1
2016-04-08,4467.5,4509.75,4451.5,4467.25,260817.0,0,1
2016-04-10,,,,,,0,1
2016-04-11,4470.0,4509.75,4446.0,4451.5,232565.0,0,1
2016-04-12,4447.0,4497.5,4426.5,4490.0,243297.0,0,1
2016-04-13,4489.0,4553.75,4486.75,4547.75,252487.0,0,1
2016-04-14,4546.5,4563.25,4530.5,4546.25,228380.0,0,1
2016-04-15,4548.75,4554.5,4523.0,4538.5,163850.0,0,1
2016-04-17,,,,,,0,1
2016-04-18,4518.75,4561.25,4501.0,4546.5,171811.0,0,1
2016-04-19,4545.5,4584.5,4506.75,4526.75,179869.0,0,1
2016-04-20,4528.25,4556.0,4509.0,4535.75,256892.0,0,1
2016-04-21,4533.25,4551.75,4488.0,4497.75,193071.0,0,1
2016-04-22,4488.25,4501.75,4431.0,4465.75,239652.0,0,1
2016-04-24,,,,,,0,1
2016-04-25,4477.0,4479.75,4436.0,4472.25,285544.0,0,1
2016-04-26,4472.25,4489.75,4407.0,4452.5,172474.0,0,1
2016-04-27,4405.0,4433.75,4372.25,4423.75,212776.0,0,1
2016-04-28,4432.0,4442.25,4346.25,4382.0,306378.0,0,1
2016-04-29,4383.5,4391.25,4296.75,4331.5,306766.0,0,1
2016-05-01,,,,,,0,1
2016-05-02,4337.0,4378.5,4318.0,4369.0,402426.0,0,1
2016-05-03,4372.0,4374.5,4319.5,4334.5,221470.0,0,1
2016-05-04,4335.5,4342.0,4292.25,4309.75,270601.0,0,1
2016-05-05,4308.25,4342.5,4292.5,4300.25,235256.0,0,1
2016-05-06,4299.25,4333.75,4271.0,4328.25,221674.0,0,1
2016-05-08,,,,,,0,1
2016-05-09,4329.75,4356.5,4318.0,4335.75,262686.0,0,1
2016-05-10,4334.75,4398.75,4323.75,4392.0,206931.0,0,1
2016-05-11,4394.25,4403.0,4350.75,4351.5,204247.0,0,1
2016-05-12,4352.5,4381.75,4305.75,4334.75,208025.0,0,1
2016-05-13,4337.25,4360.5,4303.75,4324.0,262049.0,0,1
2016-05-15,,,,,,0,1
2016-05-16,4316.0,4392.0,4305.5,4375.25,249877.0,0,1
2016-05-17,4372.75,4393.75,4308.0,4319.5,197887.0,0,1
2016-05-18,4321.0,4359.0,4301.0,4332.25,256918.0,0,1
2016-05-19,4337.75,4340.75,4280.75,4317.25,305289.0,0,1
2016-05-20,4317.0,4379.0,4314.5,4362.25,272694.0,0,1
2016-05-22,,,,,,0,1
2016-05-23,4367.75,4381.5,4348.25,4352.5,244244.0,0,1
2016-05-24,4351.5,4448.75,4341.75,4445.25,167178.0,0,1
2016-05-25,4445.5,4489.5,4443.0,4474.75,239635.0,0,1
2016-05-26,4473.5,4495.5,4463.5,4492.25,253726.0,0,1
2016-05-27,4494.0,4513.5,4490.25,4510.0,163693.0,0,1
2016-05-29,,,,,,0,1
2016-05-31,4518.25,4528.25,4497.5,4524.25,153739.0,0,1
2016-06-01,4522.0,4537.5,4502.75,4521.5,209605.0,0,1
2016-06-02,4520.5,4533.0,4486.25,4532.25,194470.0,0,1
2016-06-03,4530.25,4538.75,4478.75,4509.0,179288.0,0,1
2016-06-05,,,,,,0,1
2016-06-06,4511.0,4536.5,4504.0,4525.5,225458.0,0,1
2016-06-07,4524.5,4545.5,4511.25,4514.25,164530.0,0,1
2016-06-08,4512.5,4530.25,4504.0,4519.0,155623.0,0,1
2016-06-09,4518.25,4522.5,4493.5,4512.0,172285.0,0,1
2016-06-10,4513.0,4514.25,4446.25,4465.75,236706.0,0,1
2016-06-12,,,,,,0,1
2016-06-13,4458.75,4461.75,4419.25,4426.25,141333.0,0,1
2016-06-14,4419.25,4440.5,4391.75,4425.25,115256.0,0,1
2016-06-15,4424.0,4444.0,4404.25,4412.75,94710.0,0,1
2016-06-16,4409.75,4429.0,4361.0,4424.75,68451.0,0,1
2016-06-17,4423.25,4439.5,4410.0,4417.25,49749.0,0,1
2016-06-19,,,,,,0,1
2016-06-20,4383.0,4436.75,4383.0,4390.0,250757.0,0,1
2016-06-21,4398.5,4415.75,4388.25,4400.25,195423.0,0,1
2016-06-22,4397.25,4434.0,4391.0,4394.5,194521.0,0,1
2016-06-23,4409.75,4479.25,4408.0,4462.5,190665.0,0,1
2016-06-24,4482.75,4494.0,4234.5,4262.25,194791.0,0,1
2016-06-26,,,,,,0,1
2016-06-27,4250.0,4267.75,4167.75,4178.0,497350.0,0,1
2016-06-28,4176.25,4284.5,4176.0,4281.0,413249.0,0,1
2016-06-29,4281.25,4380.0,4268.25,4362.75,258268.0,0,1
2016-06-30,4375.0,4410.5,4338.5,4407.0,260013.0,0,1
2016-07-01,4397.0,4446.25,4386.25,4433.25,242965.0,0,1
2016-07-03,,,,,,0,1
2016-07-05,4438.75,4451.5,4377.5,4404.0,176656.0,0,1
2016-07-06,4406.0,4440.5,4365.75,4439.5,200656.0,0,1
2016-07-07,4434.75,4461.25,4427.5,4452.25,253791.0,0,1
2016-07-08,4451.75,4523.25,4439.75,4517.25,184871.0,0,1
2016-07-10,,,,,,0,1
2016-07-11,4519.5,4563.5,4515.75,4549.5,234625.0,0,1
2016-07-12,4552.75,4582.0,4546.75,4569.75,182422.0,0,1
2016-07-13,4571.75,4584.5,4558.5,4561.25,190097.0,0,1
2016-07-14,4561.0,4608.25,4553.5,4590.0,190027.0,0,1
2016-07-15,4585.0,4603.5,4550.25,4579.25,191874.0,0,1
2016-07-17,,,,,,0,1
2016-07-18,4580.0,4621.75,4577.0,4608.25,171716.0,0,1
2016-07-19,4609.5,4611.25,4588.25,4606.5,183261.0,0,1
2016-07-20,4609.0,4659.0,4597.75,4650.5,165175.0,0,1
2016-07-21,4654.0,4662.25,4626.75,4638.25,182311.0,0,1
2016-07-22,4638.5,4664.5,4628.5,4657.25,181960.0,0,1
2016-07-24,,,,,,0,1
2016-07-25,4659.25,4669.5,4643.5,4653.75,152974.0,0,1
2016-07-26,4658.5,4688.25,4641.0,4663.75,146154.0,0,1
2016-07-27,4691.25,4714.0,4676.75,4707.75,209762.0,0,1
2016-07-28,4710.25,4732.0,4689.5,4719.75,230410.0,0,1
2016-07-29,4731.75,4736.5,4709.0,4726.75,220001.0,0,1
2016-07-31,,,,,,0,1
2016-08-01,4737.5,4760.25,4721.0,4744.5,207360.0,0,1
2016-08-02,4749.25,4759.5,4681.75,4714.25,199516.0,0,1
2016-08-03,4713.25,4729.25,4698.0,4728.25,261263.0,0,1
2016-08-04,4726.5,4747.0,4715.0,4743.75,170596.0,0,1
2016-08-05,4745.0,4797.75,4742.5,4783.0,167881.0,0,1
2016-08-07,,,,,,0,1
2016-08-08,4784.75,4800.75,4766.25,4779.25,180947.0,0,1
2016-08-09,4780.5,4807.75,4777.5,4791.75,132186.0,0,1
2016-08-10,4793.5,4800.25,4767.25,4781.5,134336.0,0,1
2016-08-11,4782.25,4811.0,4775.75,4800.0,141495.0,0,1
2016-08-12,4800.0,4806.75,4787.0,4804.25,147601.0,0,1
2016-08-14,,,,,,0,1
2016-08-15,4806.75,4835.25,4805.0,4822.75,131960.0,0,1
2016-08-16,4822.75,4824.5,4796.5,4798.5,130170.0,0,1
2016-08-17,4800.75,4809.75,4772.0,4804.0,156061.0,0,1
2016-08-18,4808.25,4814.0,4792.75,4808.5,197778.0,0,1
2016-08-19,4808.0,4816.75,4785.0,4807.0,149002.0,0,1
2016-08-21,,,,,,0,1
2016-08-22,4809.25,4818.0,4789.5,4811.75,194623.0,0,1
2016-08-23,4809.25,4836.75,4807.75,4817.0,196397.0,0,1
2016-08-24,4818.5,4823.5,4770.75,4786.25,160448.0,0,1
2016-08-25,4786.5,4794.0,4768.25,4782.25,190472.0,0,1
2016-08-26,4783.5,4817.5,4757.25,4785.75,194394.0,0,1
2016-08-28,,,,,,0,1
2016-08-29,4786.0,4805.75,4774.0,4793.25,281261.0,0,1
2016-08-30,4795.0,4798.5,4759.75,4776.0,146925.0,0,1
2016-08-31,4778.25,4779.25,4751.5,4773.75,186259.0,0,1
2016-09-01,4774.0,4795.25,4749.5,4777.5,198477.0,0,1
2016-09-02,4777.5,4817.75,4774.25,4795.25,248348.0,0,1
2016-09-04,,,,,,0,1
2016-09-06,4801.25,4831.5,4782.25,4827.5,227919.0,0,1
2016-09-07,4830.25,4839.5,4812.5,4828.75,208188.0,0,1
2016-09-08,4827.75,4837.0,4789.5,4796.0,193455.0,0,1
2016-09-09,4796.0,4798.0,4665.0,4671.0,251333.0,0,1
2016-09-11,,,,,,0,1
2016-09-12,4671.0,4772.0,4629.0,4766.75,265154.0,0,1
2016-09-13,4763.25,4764.75,4699.25,4727.75,178342.0,0,1
2016-09-14,4732.75,4771.0,4724.0,4732.5,142822.0,0,1
2016-09-15,4734.0,4826.75,4720.5,4817.75,77624.0,0,1
2016-09-16,4813.25,4828.75,4799.0,4817.0,61726.0,0,1
2016-09-18,,,,,,0,1
2016-09-19,4814.75,4841.75,4782.5,4794.25,285889.0,0,1
2016-09-20,4796.75,4820.5,4790.0,4798.5,235031.0,0,1
2016-09-21,4800.0,4854.5,4788.5,4850.0,195027.0,0,1
2016-09-22,4849.0,4892.25,4842.75,4886.25,291231.0,0,1
2016-09-23,4887.25,4889.75,4848.25,4856.5,196512.0,0,1
2016-09-25,,,,,,0,1
2016-09-26,4852.0,4859.5,4807.5,4815.0,197323.0,0,1
2016-09-27,4813.75,4864.5,4800.75,4860.75,209587.0,0,1
2016-09-28,4857.5,4873.25,4844.75,4868.25,227156.0,0,1
2016-09-29,4866.75,4876.5,4812.5,4844.25,208679.0,0,1
2016-09-30,4839.25,4885.5,4811.75,4870.25,306337.0,0,1
2016-10-02,,,,,,0,1
2016-10-03,4867.25,4879.5,4842.75,4865.75,248154.0,0,1
2016-10-04,4866.75,4888.0,4836.25,4857.5,177125.0,0,1
2016-10-05,4856.5,4888.5,4849.25,4873.5,276978.0,0,1
2016-10-06,4874.0,4881.0,4845.5,4872.0,182962.0,0,1
2016-10-07,4870.25,4883.75,4834.75,4859.0,187196.0,0,1
2016-10-09,,,,,,0,1
2016-10-11,4892.0,4897.25,4798.0,4827.0,159238.0,0,1
2016-10-12,4822.25,4842.0,4800.25,4813.5,316603.0,0,1
2016-10-13,4804.75,4813.0,4754.5,4796.0,234222.0,0,1
2016-10-14,4796.0,4841.0,4786.25,4804.25,297938.0,0,1
2016-10-16,,,,,,0,1
2016-10-17,4803.5,4810.5,4781.0,4803.25,237878.0,0,1
2016-10-18,4802.25,4856.75,4799.75,4827.0,179668.0,0,1
2016-10-19,4823.75,4840.25,4811.0,4830.25,205551.0,0,1
2016-10-20,4828.25,4847.25,4798.75,4843.75,148339.0,0,1
2016-10-21,4844.25,4849.0,4814.75,4843.25,248117.0,0,1
2016-10-23,,,,,,0,1
2016-10-24,4847.25,4908.75,4842.75,4902.75,188661.0,0,1
2016-10-25,4906.25,4919.5,4873.5,4886.0,182257.0,0,1
2016-10-26,4874.0,4881.75,4839.5,4853.75,184984.0,0,1
2016-10-27,4852.0,4880.25,4804.25,4807.0,234117.0,0,1
2016-10-28,4818.25,4843.25,4786.5,4806.0,261342.0,0,1
2016-10-30,,,,,,0,1
2016-10-31,4795.25,4830.0,4788.25,4796.75,325145.0,0,1
2016-11-01,4802.75,4817.0,4718.75,4757.25,199169.0,0,1
2016-11-02,4754.5,4768.5,4708.25,4716.75,307806.0,0,1
2016-11-03,4700.0,4729.5,4668.25,4674.5,300313.0,0,1
2016-11-04,4671.25,4695.5,4651.25,4657.75,280599.0,0,1
2016-11-06,,,,,,0,1
2016-11-07,4709.75,4781.75,4709.75,4775.75,264048.0,0,1
2016-11-08,4777.5,4822.5,4752.75,4802.25,223773.0,0,1
2016-11-09,4807.25,4837.5,4558.5,4820.5,219987.0,0,1
2016-11-10,4817.5,4879.75,4679.25,4743.75,719499.0,0,1
2016-11-13,,,,,,0,1
2016-11-14,4753.0,4784.5,4672.75,4694.5,324940.0,0,1
2016-11-15,4692.75,4779.25,4688.0,4766.0,285041.0,0,1
2016-11-16,4765.0,4794.75,4736.25,4783.25,238486.0,0,1
2016-11-17,4781.5,4831.5,4778.0,4828.5,195711.0,0,1
2016-11-18,4828.75,4840.5,4803.0,4808.5,190166.0,0,1
2016-11-20,,,,,,0,1
2016-11-21,4813.5,4862.0,4803.25,4854.0,168797.0,0,1
2016-11-22,4858.0,4884.75,4857.0,4874.75,167542.0,0,1
2016-11-23,4877.25,4882.5,4830.25,4849.5,157465.0,0,1
2016-11-25,4850.5,4870.0,4839.5,4868.5,159650.0,0,1
2016-11-27,,,,,,0,1
2016-11-28,4864.25,4879.75,4842.75,4861.0,75485.0,0,1
2016-11-29,4861.0,4897.75,4847.5,4875.0,143185.0,0,1
2016-11-30,4872.5,4885.5,4812.5,4816.0,175916.0,0,1
2016-12-01,4819.0,4827.5,4722.75,4736.5,231494.0,0,1
2016-12-02,4735.5,4759.0,4707.25,4738.5,291375.0,0,1
2016-12-04,,,,,,0,1
2016-12-05,4719.0,4795.75,4701.5,4780.5,235325.0,0,1
2016-12-06,4780.75,4796.5,4767.75,4786.75,207428.0,0,1
2016-12-07,4788.75,4854.75,4763.5,4841.75,185123.0,0,1
2016-12-08,4844.5,4869.5,4836.0,4863.0,232690.0,0,1
2016-12-09,4861.25,4897.5,4852.5,4893.75,225777.0,0,1
2016-12-11,,,,,,0,1
2016-12-12,4899.0,4917.0,4852.5,4867.75,133170.0,0,1
2016-12-13,4867.0,4962.0,4861.5,4937.75,124198.0,0,1
2016-12-14,4939.5,4956.5,4910.25,4931.75,131855.0,0,1
2016-12-15,4928.5,4960.75,4917.5,4934.5,74019.0,0,1
2016-12-16,4938.0,4948.25,4930.25,4943.5,48306.0,0,1
2016-12-18,,,,,,0,1
2016-12-19,4915.75,4966.25,4912.5,4938.75,185358.0,0,1
2016-12-20,4939.5,4963.25,4938.5,4956.0,146138.0,0,1
2016-12-21,4956.0,4960.0,4939.25,4949.5,109979.0,0,1
2016-12-22,4948.0,4953.0,4917.0,4936.5,90653.0,0,1
2016-12-23,4933.75,4943.75,4922.75,4942.25,110522.0,0,1
2016-12-25,,,,,,0,1
2016-12-27,4942.0,4994.5,4940.0,4961.25,69061.0,0,1
2016-12-28,4961.25,4979.25,4920.25,4923.75,100365.0,0,1
2016-12-29,4923.75,4933.5,4901.25,4918.5,136664.0,0,1
2016-12-30,4920.5,4940.0,4850.0,4864.0,121556.0,0,1
2017-01-01,,,,,,0,1
2017-01-03,4876.75,4927.5,4876.75,4906.25,197659.0,0,1
2017-01-04,4906.5,4942.5,4903.0,4933.5,215983.0,0,1
2017-01-05,4934.75,4964.25,4920.5,4962.0,171952.0,0,1
2017-01-06,4962.5,5017.5,4952.5,5004.0,169565.0,0,1
2017-01-08,,,,,,0,1
2017-01-09,5004.5,5029.5,5002.5,5022.0,183315.0,0,1
2017-01-10,5022.0,5047.0,5007.25,5031.25,148112.0,0,1
2017-01-11,5032.75,5048.25,5007.5,5046.5,153774.0,0,1
2017-01-12,5044.5,5044.75,4990.25,5034.75,218752.0,0,1
2017-01-13,5035.25,5063.25,5035.25,5061.25,212324.0,0,1
2017-01-15,,,,,,0,1
2017-01-17,5056.25,5059.0,5025.0,5040.25,136613.0,0,1
2017-01-18,5040.5,5057.25,5034.0,5054.5,198098.0,0,1
2017-01-19,5053.25,5074.75,5036.5,5053.5,159690.0,0,1
2017-01-20,5055.5,5083.0,5044.75,5058.25,185603.0,0,1
2017-01-22,,,,,,0,1
2017-01-23,5059.0,5069.75,5030.25,5063.5,216184.0,0,1
2017-01-24,5063.75,5104.0,5060.0,5096.25,181150.0,0,1
2017-01-25,5100.0,5150.0,5099.75,5146.5,141578.0,0,1
2017-01-26,5148.25,5168.5,5141.75,5147.75,153214.0,0,1
2017-01-27,5144.25,5167.5,5139.25,5162.5,173375.0,0,1
2017-01-29,,,,,,0,1
2017-01-30,5146.25,5154.5,5094.5,5124.5,138335.0,0,1
2017-01-31,5123.5,5135.0,5083.25,5112.75,249340.0,0,1
2017-02-01,5132.0,5158.25,5123.0,5148.5,214696.0,0,1
2017-02-02,5147.75,5157.5,5119.5,5131.0,237364.0,0,1
2017-02-03,5129.5,5162.25,5119.75,5155.0,209875.0,0,1
2017-02-05,,,,,,0,1
2017-02-06,5157.25,5163.5,5140.25,5157.75,181444.0,0,1
2017-02-07,5157.0,5192.0,5154.25,5176.75,145402.0,0,1
2017-02-08,5175.0,5197.0,5163.5,5191.25,164423.0,0,1
2017-02-09,5189.75,5219.25,5186.25,5212.25,166260.0,0,1
2017-02-10,5211.25,5232.5,5209.75,5226.75,157897.0,0,1
2017-02-12,,,,,,0,1
2017-02-13,5229.25,5261.5,5226.75,5259.25,147032.0,0,1
2017-02-14,5259.25,5278.0,5239.75,5276.0,144520.0,0,1
2017-02-15,5274.5,5313.5,5265.25,5310.0,166904.0,0,1
2017-02-16,5313.0,5317.0,5288.5,5300.5,168262.0,0,1
2017-02-17,5300.25,5328.75,5286.75,5325.75,209931.0,0,1
2017-02-19,,,,,,0,1
2017-02-21,5323.5,5353.75,5320.5,5343.75,170805.0,0,1
2017-02-22,5345.5,5355.5,5336.25,5351.0,192758.0,0,1
2017-02-23,5352.5,5361.25,5310.75,5332.0,156582.0,0,1
2017-02-24,5329.25,5344.5,5299.0,5343.25,240394.0,0,1
2017-02-26,,,,,,0,1
2017-02-27,5340.0,5352.5,5323.25,5347.5,211944.0,0,1
2017-02-28,5345.0,5350.0,5317.0,5332.25,153779.0,0,1
2017-03-01,5334.5,5400.0,5332.0,5386.0,168037.0,0,1
2017-03-02,5382.75,5393.75,5356.25,5364.75,241769.0,0,1
2017-03-03,5358.75,5373.5,5344.25,5372.0,206020.0,0,1
2017-03-05,,,,,,0,1
2017-03-06,5369.0,5374.5,5339.0,5361.0,176727.0,0,1
2017-03-07,5354.75,5374.25,5341.5,5349.75,166727.0,0,1
2017-03-08,5350.0,5377.25,5333.75,5363.0,180791.0,0,1
2017-03-09,5362.25,5372.0,5335.5,5366.75,221615.0,0,1
2017-03-10,5370.0,5395.25,5363.0,5382.0,249227.0,0,1
2017-03-12,,,,,,0,1
2017-03-13,5381.0,5396.5,5371.75,5395.5,159754.0,0,1
2017-03-14,5394.5,5396.75,5360.0,5381.5,85360.0,0,1
2017-03-15,5380.5,5427.25,5376.0,5415.25,92067.0,0,1
2017-03-16,5412.25,5440.0,5398.75,5413.0,63828.0,0,1
2017-03-17,5411.75,5423.0,5405.75,5417.25,35580.0,0,1
2017-03-19,,,,,,0,1
2017-03-20,5407.25,5428.0,5396.0,5418.5,143955.0,0,1
2017-03-21,5415.75,5441.0,5330.0,5338.25,144687.0,0,1
2017-03-22,5334.25,5376.25,5315.0,5365.75,414738.0,0,1
2017-03-23,5365.5,5378.5,5347.25,5354.5,335865.0,0,1
2017-03-24,5357.0,5395.0,5347.5,5378.75,269772.0,0,1
2017-03-26,,,,,,0,1
2017-03-27,5360.0,5385.75,5317.25,5379.0,294980.0,0,1
2017-03-28,5382.5,5424.75,5363.5,5405.0,276499.0,0,1
2017-03-29,5409.0,5437.5,5404.75,5436.0,245032.0,0,1
2017-03-30,5436.0,5451.0,5426.5,5437.5,173940.0,0,1
2017-03-31,5440.75,5452.75,5421.0,5438.5,163121.0,0,1
2017-04-02,,,,,,0,1
2017-04-03,5436.75,5455.0,5403.25,5434.5,166661.0,0,1
2017-04-04,5432.75,5448.0,5406.75,5444.0,264740.0,0,1
2017-04-05,5447.0,5481.25,5409.0,5416.25,195119.0,0,1
2017-04-06,5414.0,5437.25,5390.0,5422.75,301129.0,0,1
2017-04-07,5426.75,5436.0,5382.75,5421.25,287867.0,0,1
2017-04-09,,,,,,0,1
2017-04-10,5420.75,5443.75,5405.75,5422.25,243807.0,0,1
2017-04-11,5426.75,5429.25,5358.0,5401.75,197534.0,0,1
2017-04-12,5402.75,5412.75,5369.0,5372.75,332142.0,0,1
2017-04-13,5369.0,5399.5,5347.5,5359.0,251108.0,0,1
2017-04-16,,,,,,0,1
2017-04-17,5352.75,5399.5,5347.75,5395.25,278784.0,0,1
2017-04-18,5397.5,5405.25,5375.5,5389.25,148626.0,0,1
2017-04-19,5389.75,5430.75,5388.75,5397.75,246219.0,0,1
2017-04-20,5398.0,5454.75,5394.5,5442.75,213579.0,0,1
2017-04-21,5445.0,5454.75,5427.5,5442.0,231392.0,0,1
2017-04-23,,,,,,0,1
2017-04-24,5471.0,5512.75,5471.0,5504.0,193756.0,0,1
2017-04-25,5502.0,5557.25,5499.0,5548.25,212519.0,0,1
2017-04-26,5546.75,5562.5,5535.0,5536.25,172850.0,0,1
2017-04-27,5535.25,5599.0,5534.25,5591.0,221754.0,0,1
2017-04-28,5584.5,5597.75,5571.75,5580.5,194734.0,0,1
2017-04-30,,,,,,0,1
2017-05-01,5581.0,5637.25,5573.5,5630.75,185941.0,0,1
2017-05-02,5629.0,5641.75,5622.5,5639.75,166028.0,0,1
2017-05-03,5621.0,5631.0,5606.0,5613.25,169050.0,0,1
2017-05-04,5609.0,5634.0,5603.75,5625.75,206431.0,0,1
2017-05-05,5627.0,5649.5,5612.5,5648.25,223464.0,0,1
2017-05-07,,,,,,0,1
2017-05-08,5658.25,5660.5,5634.5,5655.5,166263.0,0,1
2017-05-09,5654.25,5687.75,5650.75,5676.25,164353.0,0,1
2017-05-10,5678.5,5679.75,5658.25,5675.5,194000.0,0,1
2017-05-11,5674.75,5676.25,5636.25,5670.75,174081.0,0,1
2017-05-12,5670.0,5689.75,5656.5,5689.0,238806.0,0,1
2017-05-14,,,,,,0,1
2017-05-15,5689.5,5706.5,5682.5,5701.25,186832.0,0,1
2017-05-16,5705.0,5727.25,5696.25,5724.25,180918.0,0,1
2017-05-17,5723.5,5724.0,5574.75,5578.75,183423.0,0,1
2017-05-18,5575.5,5648.5,5550.5,5630.5,506880.0,0,1
2017-05-19,5631.5,5676.5,5622.0,5653.25,522258.0,0,1
2017-05-21,,,,,,0,1
2017-05-22,5652.75,5704.25,5648.75,5702.0,292202.0,0,1
2017-05-23,5701.5,5718.5,5688.5,5711.5,198203.0,0,1
2017-05-24,5709.5,5734.5,5705.25,5731.25,219010.0,0,1
2017-05-25,5731.5,5795.5,5731.25,5782.0,191514.0,0,1
2017-05-26,5781.25,5796.5,5772.75,5792.25,239940.0,0,1
2017-05-28,,,,,,0,1
2017-05-30,5793.0,5803.5,5778.25,5792.0,163404.0,0,1
2017-05-31,5792.5,5819.25,5763.75,5793.25,197717.0,0,1
2017-06-01,5804.75,5824.0,5780.5,5822.0,332645.0,0,1
2017-06-02,5823.75,5886.75,5822.0,5886.0,266069.0,0,1
2017-06-04,,,,,,0,1
2017-06-05,5878.25,5891.25,5872.75,5880.75,298205.0,0,1
2017-06-06,5880.25,5893.25,5848.5,5863.25,177414.0,0,1
2017-06-07,5862.25,5884.75,5845.75,5879.75,257087.0,0,1
2017-06-08,5877.75,5897.75,5853.5,5885.0,274935.0,0,1
2017-06-09,5872.5,5898.75,5660.25,5740.5,266471.0,0,1
2017-06-11,,,,,,0,1
2017-06-12,5740.5,5746.5,5634.5,5711.0,425289.0,0,1
2017-06-13,5713.25,5760.25,5706.75,5751.25,260181.0,0,1
2017-06-14,5752.25,5780.0,5680.0,5725.25,144808.0,0,1
2017-06-15,5722.75,5724.5,5633.75,5702.5,120807.0,0,1
2017-06-16,5701.5,5720.0,5685.0,5702.0,64524.0,0,1
2017-06-18,,,,,,0,1
2017-06-19,5694.25,5782.5,5683.25,5766.0,356290.0,0,1
2017-06-20,5766.75,5784.0,5729.0,5732.75,271968.0,0,1
2017-06-21,5728.25,5796.5,5699.0,5796.0,301241.0,0,1
2017-06-22,5793.25,5814.5,5770.75,5785.75,319202.0,0,1
2017-06-23,5785.5,5815.5,5763.0,5812.25,233021.0,0,1
2017-06-25,,,,,,0,1
2017-06-26,5803.0,5852.0,5768.0,5778.25,213552.0,0,1
2017-06-27,5780.75,5784.0,5669.0,5676.5,311741.0,0,1
2017-06-28,5673.75,5768.75,5632.0,5763.5,418001.0,0,1
2017-06-29,5766.25,5776.0,5601.0,5653.0,396603.0,0,1
2017-06-30,5648.25,5686.5,5623.5,5652.75,604720.0,0,1
2017-07-02,,,,,,0,1
2017-07-03,,,,,,0,1
2017-07-05,5591.25,5667.75,5560.25,5651.5,232656.0,0,1
2017-07-06,5650.5,5652.75,5580.0,5596.75,392297.0,0,1
2017-07-07,5598.5,5676.5,5591.5,5655.75,370735.0,0,1
2017-07-09,,,,,,0,1
2017-07-10,5663.0,5711.5,5650.0,5694.0,266767.0,0,1
2017-07-11,5692.0,5722.5,5667.5,5720.0,241360.0,0,1
2017-07-12,5719.5,5790.0,5712.75,5785.75,283454.0,0,1
2017-07-13,5786.75,5812.0,5777.25,5797.5,262329.0,0,1
2017-07-14,5799.5,5847.75,5787.75,5843.25,240958.0,0,1
2017-07-16,,,,,,0,1
2017-07-17,5843.5,5863.75,5831.25,5855.0,230871.0,0,1
2017-07-18,5858.25,5898.5,5820.25,5882.75,217890.0,0,1
2017-07-19,5895.5,5925.0,5889.0,5918.25,246038.0,0,1
2017-07-20,5919.5,5938.5,5897.0,5925.25,233290.0,0,1
2017-07-21,5930.75,5931.25,5890.5,5918.75,265354.0,0,1
2017-07-23,,,,,,0,1
2017-07-24,5919.25,5954.75,5905.0,5934.0,254484.0,0,1
2017-07-25,5925.25,5946.25,5915.75,5933.75,195018.0,0,1
2017-07-26,5933.75,5958.0,5927.0,5948.0,237095.0,0,1
2017-07-27,5961.0,5995.75,5844.75,5909.5,190190.0,0,1
2017-07-28,5909.0,5918.25,5850.0,5910.25,539445.0,0,1
2017-07-30,,,,,,0,1
2017-07-31,5910.0,5933.5,5870.25,5882.5,338476.0,0,1
2017-08-01,5884.5,5931.25,5875.5,5889.25,280483.0,0,1
2017-08-02,5933.0,5947.5,5856.25,5910.75,229005.0,0,1
2017-08-03,5911.25,5924.5,5877.25,5890.0,389618.0,0,1
2017-08-04,5889.0,5912.0,5874.25,5898.0,289423.0,0,1
2017-08-06,,,,,,0,1
2017-08-07,5900.0,5937.75,5898.0,5934.0,256730.0,0,1
2017-08-08,5935.0,5972.75,5907.5,5918.0,165201.0,0,1
2017-08-09,5913.25,5924.5,5861.75,5922.5,305079.0,0,1
2017-08-10,5922.5,5923.0,5767.25,5789.75,377648.0,0,1
2017-08-11,5769.0,5845.75,5761.0,5838.25,548167.0,0,1
2017-08-13,,,,,,0,1
2017-08-14,5837.25,5916.75,5837.25,5910.0,394754.0,0,1
2017-08-15,5913.5,5945.0,5895.5,5912.0,261541.0,0,1
2017-08-16,5915.25,5949.5,5902.0,5923.5,249827.0,0,1
2017-08-17,5920.0,5923.75,5786.5,5800.25,293910.0,0,1
2017-08-18,5792.25,5835.0,5772.5,5801.25,511900.0,0,1
2017-08-20,,,,,,0,1
2017-08-21,5805.0,5816.75,5752.25,5794.0,443313.0,0,1
2017-08-22,5795.25,5882.25,5794.25,5878.5,360383.0,0,1
2017-08-23,5878.25,5884.0,5841.5,5848.0,307895.0,0,1
2017-08-24,5845.75,5874.25,5803.25,5840.5,301682.0,0,1
2017-08-25,5845.25,5874.0,5816.5,5825.0,372774.0,0,1
2017-08-27,,,,,,0,1
2017-08-28,5819.75,5856.0,5801.25,5844.75,300167.0,0,1
2017-08-29,5820.0,5875.5,5777.25,5869.75,216424.0,0,1
2017-08-30,5869.75,5944.0,5862.5,5935.0,334338.0,0,1
2017-08-31,5936.25,5998.0,5932.5,5990.75,273971.0,0,1
2017-09-01,5994.0,6019.75,5973.25,5988.25,273833.0,0,1
2017-09-03,,,,,,0,1
2017-09-05,5956.5,5984.75,5889.5,5939.25,229855.0,0,1
2017-09-06,5943.5,5965.75,5909.25,5955.0,485650.0,0,1
2017-09-07,5952.0,5981.5,5932.25,5970.0,335781.0,0,1
2017-09-08,5969.25,5972.0,5907.5,5916.25,301526.0,0,1
2017-09-10,,,,,,0,1
2017-09-11,5928.75,5991.75,5928.75,5982.5,190958.0,0,1
2017-09-12,5981.25,6004.0,5967.5,5996.5,160000.0,0,1
2017-09-13,5999.0,6005.25,5975.5,6002.0,125609.0,0,1
2017-09-14,6001.75,6002.5,5963.5,5966.25,76177.0,0,1
2017-09-15,5965.25,5978.25,5945.25,5974.0,72484.0,0,1
2017-09-17,,,,,,0,1
2017-09-18,5999.25,6018.25,5967.25,5986.75,268013.0,0,1
2017-09-19,5989.75,6004.75,5975.0,5997.0,235721.0,0,1
2017-09-20,5997.0,6000.5,5930.5,5978.5,212483.0,0,1
2017-09-21,5976.0,5980.25,5919.25,5945.25,347504.0,0,1
2017-09-22,5944.25,5945.5,5911.0,5935.75,343404.0,0,1
2017-09-24,,,,,,0,1
2017-09-25,5930.75,5954.25,5842.0,5876.5,272649.0,0,1
2017-09-26,5878.75,5912.5,5862.75,5892.5,447828.0,0,1
2017-09-27,5889.75,5963.0,5886.5,5941.0,343472.0,0,1
2017-09-28,5936.0,5948.25,5911.25,5938.5,349282.0,0,1
2017-09-29,5939.25,5985.5,5933.0,5982.5,268097.0,0,1
2017-10-01,,,,,,0,1
2017-10-02,5984.0,6009.75,5958.5,5980.5,275661.0,0,1
2017-10-03,5985.5,6004.75,5978.75,5998.0,269518.0,0,1
2017-10-04,5999.0,6015.5,5979.5,6004.0,207901.0,0,1
2017-10-05,6005.0,6068.0,6001.0,6065.75,236714.0,0,1
2017-10-06,6062.25,6071.5,6037.5,6064.25,254723.0,0,1
2017-10-08,,,,,,0,1
2017-10-09,6062.5,6084.0,6054.75,6064.5,232608.0,0,1
2017-10-10,6062.25,6088.5,6039.0,6065.25,155751.0,0,1
2017-10-11,6064.5,6086.0,6053.25,6082.5,238961.0,0,1
2017-10-12,6083.5,6097.0,6066.5,6074.75,180901.0,0,1
2017-10-13,6073.0,6104.0,6068.5,6099.75,200082.0,0,1
2017-10-15,,,,,,0,1
2017-10-16,6101.5,6121.5,6098.0,6120.25,178530.0,0,1
2017-10-17,6119.75,6125.5,6105.0,6123.75,167591.0,0,1
2017-10-18,6122.25,6132.75,6108.0,6119.25,154430.0,0,1
2017-10-19,6121.25,6121.75,6051.25,6097.75,180414.0,0,1
2017-10-20,6097.75,6129.5,6090.5,6111.0,332212.0,0,1
2017-10-22,,,,,,0,1
2017-10-23,6109.5,6128.0,6060.5,6064.75,222217.0,0,1
2017-10-24,6064.75,6092.5,6057.0,6079.5,247882.0,0,1
2017-10-25,6073.5,6087.5,6011.0,6064.5,235526.0,0,1
2017-10-26,6065.0,6096.25,6035.0,6084.75,436671.0,0,1
2017-10-27,6092.0,6225.75,6078.75,6215.25,320283.0,0,1
2017-10-29,,,,,,0,1
2017-10-30,6209.5,6251.5,6202.25,6224.25,435844.0,0,1
2017-10-31,6221.75,6258.75,6219.25,6249.75,360344.0,0,1
2017-11-01,6249.75,6284.5,6223.5,6240.75,239132.0,0,1
2017-11-02,6230.0,6263.0,6192.5,6235.75,346061.0,0,1
2017-11-03,6252.5,6296.75,6236.0,6290.5,356528.0,0,1
2017-11-05,,,,,,0,1
2017-11-06,6285.25,6317.5,6268.0,6313.5,301691.0,0,1
2017-11-07,6311.5,6331.5,6296.25,6316.0,218392.0,0,1
2017-11-08,6310.5,6345.5,6301.5,6341.5,284157.0,0,1
2017-11-09,6342.25,6351.5,6244.75,6314.5,218248.0,0,1
2017-11-10,6312.75,6321.0,6281.0,6309.25,550267.0,0,1
2017-11-12,,,,,,0,1
2017-11-13,6312.5,6325.0,6281.0,6312.0,266728.0,0,1
2017-11-14,6310.75,6318.25,6262.75,6293.5,229366.0,0,1
2017-11-15,6293.5,6294.75,6230.75,6266.25,342800.0,0,1
2017-11-16,6264.5,6358.5,6260.75,6341.0,399624.0,0,1
2017-11-17,6342.75,6351.75,6308.5,6313.25,339694.0,0,1
2017-11-19,,,,,,0,1
2017-11-20,6312.0,6329.25,6291.25,6316.0,275846.0,0,1
2017-11-21,6315.75,6385.25,6311.25,6379.5,203721.0,0,1
2017-11-22,6381.25,6395.25,6375.25,6389.5,216030.0,0,1
2017-11-24,,,,,,0,1
2017-11-26,,,,,,0,1
2017-11-27,6414.25,6424.5,6394.75,6413.25,118443.0,0,1
2017-11-28,6413.25,6429.5,6388.75,6420.25,204123.0,0,1
2017-11-29,6423.5,6428.5,6283.0,6305.5,307329.0,0,1
2017-11-30,6306.5,6377.5,6289.0,6369.0,625761.0,0,1
2017-12-01,6353.75,6369.0,6246.0,6346.25,457769.0,0,1
2017-12-03,,,,,,0,1
2017-12-04,6371.0,6391.75,6250.75,6265.25,608005.0,0,1
2017-12-05,6255.5,6339.75,6231.75,6271.75,520744.0,0,1
2017-12-06,6269.0,6307.0,6232.5,6293.0,443788.0,0,1
2017-12-07,6298.0,6335.5,6288.75,6323.0,363675.0,0,1
2017-12-08,6322.25,6379.0,6320.5,6340.0,325352.0,0,1
2017-12-10,,,,,,0,1
2017-12-11,6343.0,6409.75,6339.75,6397.5,180084.0,0,1
2017-12-12,6404.25,6407.75,6371.75,6384.25,148290.0,0,1
2017-12-13,6385.0,6418.75,6365.5,6398.5,134498.0,0,1
2017-12-14,6396.75,6425.0,6385.5,6391.75,109048.0,0,1
2017-12-15,6389.5,6500.0,6384.0,6478.0,79395.0,0,1
2017-12-17,,,,,,0,1
2017-12-18,6498.0,6542.0,6497.5,6535.25,288903.0,0,1
2017-12-19,6535.0,6545.75,6479.75,6500.75,220351.0,0,1
2017-12-20,6504.0,6529.0,6463.25,6489.0,272966.0,0,1
2017-12-21,6486.75,6520.75,6476.0,6492.25,276115.0,0,1
2017-12-22,6489.75,6501.75,6467.5,6483.75,211561.0,0,1
2017-12-24,,,,,,0,1
2017-12-26,6482.5,6492.0,6432.25,6460.0,130810.0,0,1
2017-12-27,6461.25,6475.5,6442.0,6454.0,135130.0,0,1
2017-12-28,6452.25,6477.5,6442.25,6446.25,158481.0,0,1
2017-12-29,6444.5,6467.75,6383.25,6408.75,138254.0,0,1
2017-12-31,,,,,,0,1
2018-01-02,6405.0,6523.25,6397.75,6514.75,210114.0,0,1
2018-01-03,6513.25,6591.25,6511.25,6584.5,259593.0,0,1
2018-01-04,6583.75,6617.5,6580.0,6603.5,223243.0,0,1
2018-01-05,6608.0,6671.0,6599.75,6667.75,254577.0,0,1
2018-01-07,,,,,,0,1
2018-01-08,6667.75,6690.75,6653.25,6688.0,214944.0,0,1
2018-01-09,6687.25,6707.25,6667.25,6687.0,198494.0,0,1
2018-01-10,6679.75,6686.75,6628.25,6677.25,272445.0,0,1
2018-01-11,6676.5,6728.75,6664.25,6726.5,320261.0,0,1
2018-01-12,6725.5,6777.75,6703.25,6775.25,228872.0,0,1
2018-01-14,,,,,,0,1
2018-01-16,6781.5,6845.75,6729.25,6762.25,288871.0,0,1
2018-01-17,6762.75,6834.25,6744.75,6823.75,516270.0,0,1
2018-01-18,6818.0,6838.0,6796.0,6813.0,357653.0,0,1
2018-01-19,6816.5,6857.0,6801.5,6845.75,314511.0,0,1
2018-01-21,,,,,,0,1
2018-01-22,6830.75,6941.25,6824.25,6931.0,324203.0,0,1
2018-01-23,6929.75,6981.25,6919.75,6965.75,262762.0,0,1
2018-01-24,6956.5,7004.25,6888.25,6931.25,336204.0,0,1
2018-01-25,6933.5,6987.25,6902.0,6931.5,526387.0,0,1
2018-01-26,6938.0,7034.5,6934.25,7030.25,415464.0,0,1
2018-01-28,,,,,,0,1
2018-01-29,7030.0,7047.25,6980.0,6992.5,326274.0,0,1
2018-01-30,6991.5,7006.5,6902.75,6941.5,407157.0,0,1
2018-01-31,6938.25,6991.0,6921.5,6962.5,524079.0,0,1
2018-02-01,6973.0,6987.75,6884.75,6898.5,413798.0,0,1
2018-02-02,6954.0,6963.5,6752.25,6755.75,492861.0,0,1
2018-02-04,,,,,,0,1
2018-02-05,6752.25,6813.5,6387.75,6429.25,642482.0,0,1
2018-02-06,6473.0,6677.5,6260.25,6653.75,931677.0,0,1
2018-02-07,6638.0,6717.75,6532.0,6555.75,813419.0,0,1
2018-02-08,6542.0,6618.5,6301.0,6317.25,593446.0,0,1
2018-02-09,6328.0,6455.5,6164.0,6417.75,640585.0,0,1
2018-02-11,,,,,,0,1
2018-02-12,6434.5,6567.5,6414.25,6531.75,787495.0,0,1
2018-02-13,6529.75,6571.0,6470.75,6560.5,406083.0,0,1
2018-02-14,6559.5,6692.75,6456.25,6687.0,382334.0,0,1
2018-02-15,6681.0,6827.5,6669.75,6816.0,482298.0,0,1
2018-02-16,6816.25,6859.75,6762.0,6786.75,458423.0,0,1
2018-02-18,,,,,,0,1
2018-02-20,6783.25,6843.75,6723.25,6790.5,445962.0,0,1
2018-02-21,6788.25,6885.5,6741.25,6760.5,461892.0,0,1
2018-02-22,6756.5,6831.5,6694.75,6788.75,440206.0,0,1
2018-02-23,6792.5,6913.75,6782.75,6909.75,439678.0,0,1
2018-02-25,,,,,,0,1
2018-02-26,6918.25,7007.5,6890.0,7000.0,0.0,0,1
2018-02-27,7003.5,7009.0,6904.0,6915.75,297831.0,0,1
2018-02-28,6913.75,6970.5,6857.75,6865.0,498392.0,0,1
2018-03-01,6879.5,6898.75,6689.0,6760.75,461819.0,0,1
2018-03-02,6763.75,6823.25,6646.0,6804.75,793737.0,0,1
2018-03-04,,,,,,0,1
2018-03-05,6795.75,6904.5,6742.5,6877.5,636240.0,0,1
2018-03-06,6880.5,6939.25,6871.75,6907.75,467865.0,0,1
2018-03-07,6858.0,6937.0,6798.25,6924.5,415228.0,0,1
2018-03-08,6922.75,6977.25,6913.5,6974.25,498163.0,0,1
2018-03-09,6972.0,7103.75,6963.0,7098.25,388688.0,0,1
2018-03-11,,,,,,0,1
2018-03-12,7099.25,7158.75,7090.0,7139.5,225672.0,0,1
2018-03-13,7136.75,7188.5,7025.75,7058.25,185865.0,0,1
2018-03-14,7039.5,7098.0,7012.25,7033.5,208524.0,0,1
2018-03-15,7036.75,7076.75,7003.25,7046.5,117327.0,0,1
2018-03-16,7050.5,7059.25,7031.0,7044.0,56177.0,0,1
2018-03-18,,,,,,0,1
2018-03-19,7043.0,7043.0,6821.25,6914.25,287434.0,0,1
2018-03-20,6911.75,6927.75,6863.0,6917.5,571979.0,0,1
2018-03-21,6912.5,6951.0,6842.25,6884.0,401041.0,0,1
2018-03-22,6883.25,6915.0,6686.0,6692.0,454570.0,0,1
2018-03-23,6692.25,6721.25,6519.0,6554.25,685491.0,0,1
2018-03-25,,,,,,0,1
2018-03-26,6549.75,6779.0,6525.0,6773.5,748098.0,0,1
2018-03-27,6775.75,6849.25,6490.0,6561.25,637180.0,0,1
2018-03-28,6550.25,6582.25,6421.0,6477.25,731553.0,0,1
2018-03-29,6490.75,6653.75,6443.75,6594.0,948120.0,0,1
2018-04-01,,,,,,0,1
2018-04-02,6557.0,6588.5,6326.5,6393.25,647977.0,0,1
2018-04-03,6405.75,6496.75,6351.25,6469.25,670690.0,0,1
2018-04-04,6466.0,6591.75,6306.75,6582.5,681282.0,0,1
2018-04-05,6582.0,6654.5,6559.0,6600.25,635562.0,0,1
2018-04-06,6608.0,6611.25,6408.5,6454.75,495024.0,0,1
2018-04-08,,,,,,0,1
2018-04-09,6463.0,6618.0,6460.0,6497.0,631810.0,0,1
2018-04-10,6490.5,6651.75,6471.75,6624.25,482071.0,0,1
2018-04-11,6625.25,6663.25,6550.75,6592.75,542219.0,0,1
2018-04-12,6596.25,6693.75,6589.75,6670.75,443623.0,0,1
2018-04-13,6668.75,6713.0,6606.25,6640.75,357175.0,0,1
2018-04-15,,,,,,0,1
2018-04-16,6674.25,6722.0,6639.25,6712.0,465366.0,0,1
2018-04-17,6704.25,6844.75,6698.5,6828.75,324486.0,0,1
2018-04-18,6819.5,6867.0,6796.75,6843.5,325724.0,0,1
2018-04-19,6855.25,6866.25,6755.25,6780.0,298181.0,0,1
2018-04-20,6777.75,6790.25,6646.0,6676.25,376428.0,0,1
2018-04-22,,,,,,0,1
2018-04-23,6705.5,6728.0,6616.75,6667.0,422339.0,0,1
2018-04-24,6660.75,6717.75,6467.25,6526.75,384306.0,0,1
2018-04-25,6525.75,6576.25,6429.25,6555.75,626789.0,0,1
2018-04-26,6583.25,6749.0,6559.25,6734.75,544882.0,0,1
2018-04-27,6744.75,6772.0,6623.0,6669.75,424984.0,0,1
2018-04-29,,,,,,0,1
2018-04-30,6668.0,6718.0,6595.5,6613.0,481734.0,0,1
2018-05-01,6606.0,6740.0,6578.75,6692.0,389473.0,0,1
2018-05-02,6715.5,6729.5,6625.25,6633.5,360806.0,0,1
2018-05-03,6630.75,6671.5,6538.0,6664.5,382532.0,0,1
2018-05-04,6666.5,6788.5,6610.5,6774.75,518811.0,0,1
2018-05-06,,,,,,0,1
2018-05-07,6779.0,6851.25,6772.25,6826.0,408713.0,0,1
2018-05-08,6817.0,6837.5,6771.0,6820.5,323768.0,0,1
2018-05-09,6822.0,6901.25,6808.25,6896.0,370356.0,0,1
2018-05-10,6896.0,6971.25,6888.75,6965.0,316609.0,0,1
2018-05-11,6949.5,6979.5,6928.25,6960.0,292974.0,0,1
2018-05-13,,,,,,0,1
2018-05-14,6958.25,7013.5,6955.5,6974.0,263016.0,0,1
2018-05-15,6969.0,6976.75,6854.25,6890.5,255900.0,0,1
2018-05-16,6895.5,6953.5,6875.5,6937.25,432917.0,0,1
2018-05-17,6935.25,6962.0,6875.0,6905.75,274261.0,0,1
2018-05-18,6908.5,6936.25,6862.25,6874.0,325159.0,0,1
2018-05-20,,,,,,0,1
2018-05-21,6919.0,6957.0,6881.5,6915.75,314569.0,0,1
2018-05-22,6914.0,6954.75,6890.0,6909.25,293370.0,0,1
2018-05-23,6905.5,6961.5,6829.75,6957.0,269992.0,0,1
2018-05-24,6956.75,6975.0,6885.25,6957.25,390903.0,0,1
2018-05-25,6955.0,7003.75,6942.5,6960.25,379490.0,0,1
2018-05-27,,,,,,0,1
2018-05-29,6989.5,6995.0,6890.5,6944.5,317340.0,0,1
2018-05-30,6948.0,6994.75,6918.5,6987.25,487638.0,0,1
2018-05-31,6978.5,7023.5,6958.25,6977.0,303797.0,0,1
2018-06-01,6982.5,7090.5,6977.25,7083.0,389141.0,0,1
2018-06-03,,,,,,0,1
2018-06-04,7079.75,7151.5,7071.75,7148.25,335020.0,0,1
2018-06-05,7147.5,7187.5,7137.5,7179.25,247834.0,0,1
2018-06-06,7181.75,7222.25,7142.25,7215.0,256212.0,0,1
2018-06-07,7217.5,7234.25,7116.75,7161.0,300300.0,0,1
2018-06-08,7160.0,7163.0,7077.75,7151.5,410243.0,0,1
2018-06-10,,,,,,0,1
2018-06-11,7135.0,7189.0,7125.0,7170.25,215656.0,0,1
2018-06-12,7165.0,7219.25,7155.5,7199.5,173772.0,0,1
2018-06-13,7213.75,7262.75,7192.0,7204.25,112997.0,0,1
2018-06-14,7203.25,7292.25,7178.25,7283.75,94299.0,0,1
2018-06-15,7283.5,7291.75,7229.25,7257.5,68895.0,0,1
2018-06-17,,,,,,0,1
2018-06-18,7276.0,7289.25,7208.75,7276.0,364647.0,0,1
2018-06-19,7275.0,7279.0,7157.5,7252.25,291954.0,0,1
2018-06-20,7253.75,7336.5,7226.75,7313.25,450281.0,0,1
2018-06-21,7315.25,7358.5,7226.25,7237.75,320649.0,0,1
2018-06-22,7228.0,7274.0,7198.25,7222.75,424012.0,0,1
2018-06-24,,,,,,0,1
2018-06-25,7222.75,7222.75,6995.5,7073.5,322915.0,0,1
2018-06-26,7064.25,7130.0,7040.5,7104.0,598963.0,0,1
2018-06-27,7098.25,7151.5,6988.0,6998.25,399009.0,0,1
2018-06-28,6998.75,7076.5,6956.0,7060.5,546252.0,0,1
2018-06-29,7055.25,7123.75,7045.0,7066.75,483220.0,0,1
2018-07-01,,,,,,0,1
2018-07-02,7068.25,7119.75,6987.5,7116.5,396079.0,0,1
2018-07-03,,,,,,0,1
2018-07-05,7023.0,7128.0,7015.0,7125.75,300232.0,0,1
2018-07-06,7118.75,7237.75,7101.25,7233.5,378283.0,0,1
2018-07-08,,,,,,0,1
2018-07-09,7232.5,7303.5,7232.25,7300.25,320304.0,0,1
2018-07-10,7300.75,7335.5,7259.5,7301.5,269931.0,0,1
2018-07-11,7263.5,7290.0,7204.5,7253.75,286748.0,0,1
2018-07-12,7259.75,7387.0,7249.5,7382.75,373366.0,0,1
2018-07-13,7382.0,7414.25,7367.0,7393.0,304341.0,0,1
2018-07-15,,,,,,0,1
2018-07-16,7399.5,7413.75,7316.0,7325.0,279818.0,0,1
2018-07-17,7320.0,7436.0,7292.5,7421.75,246001.0,0,1
2018-07-18,7424.25,7437.75,7381.5,7404.5,343273.0,0,1
2018-07-19,7400.0,7416.0,7354.75,7367.75,267804.0,0,1
2018-07-20,7380.25,7413.75,7350.75,7360.0,321505.0,0,1
2018-07-22,,,,,,0,1
2018-07-23,7368.0,7432.75,7311.5,7430.5,302839.0,0,1
2018-07-24,7420.25,7489.75,7386.75,7416.25,287213.0,0,1
2018-07-25,7410.5,7530.0,7397.0,7469.5,406774.0,0,1
2018-07-26,7412.25,7450.0,7362.0,7430.75,351372.0,0,1
2018-07-27,7429.5,7467.0,7263.5,7301.25,392494.0,0,1
2018-07-29,,,,,,0,1
2018-07-30,7293.0,7309.25,7166.75,7200.5,534684.0,0,1
2018-07-31,7210.0,7298.0,7189.25,7244.75,497537.0,0,1
2018-08-01,7293.0,7303.75,7241.0,7277.0,430194.0,0,1
2018-08-02,7284.25,7395.25,7214.25,7385.75,370601.0,0,1
2018-08-03,7392.0,7415.0,7362.25,7402.0,441069.0,0,1
2018-08-05,,,,,,0,1
2018-08-06,7404.25,7449.75,7387.5,7444.0,298355.0,0,1
2018-08-07,7442.5,7486.75,7440.25,7477.25,250166.0,0,1
2018-08-08,7478.25,7496.0,7442.5,7471.5,260630.0,0,1
2018-08-09,7463.5,7505.5,7458.75,7475.5,250480.0,0,1
2018-08-10,7472.25,7472.75,7390.75,7427.0,236834.0,0,1
2018-08-12,,,,,,0,1
2018-08-13,7425.5,7479.0,7378.25,7417.0,389778.0,0,1
2018-08-14,7420.5,7465.0,7397.0,7457.75,377939.0,0,1
2018-08-15,7460.5,7464.75,7316.5,7374.0,305390.0,0,1
2018-08-16,7380.0,7434.5,7363.25,7389.0,521164.0,0,1
2018-08-17,7382.5,7407.0,7321.75,7387.75,348395.0,0,1
2018-08-19,,,,,,0,1
2018-08-20,7390.5,7420.75,7351.5,7387.0,366862.0,0,1
2018-08-21,7381.25,7452.25,7369.0,7397.5,286070.0,0,1
2018-08-22,7374.25,7444.75,7352.0,7433.25,320662.0,0,1
2018-08-23,7433.5,7475.0,7411.25,7424.5,309493.0,0,1
2018-08-24,7427.0,7499.5,7422.75,7495.75,356371.0,0,1
2018-08-26,,,,,,0,1
2018-08-27,7499.0,7569.0,7498.75,7568.0,278682.0,0,1
2018-08-28,7568.25,7597.25,7564.25,7578.0,280533.0,0,1
2018-08-29,7581.0,7674.5,7581.0,7668.75,273330.0,0,1
2018-08-30,7672.75,7697.0,7626.25,7649.0,311623.0,0,1
2018-08-31,7641.75,7682.25,7633.25,7661.25,390929.0,0,1
2018-09-02,,,,,,0,1
2018-09-04,7670.0,7693.75,7586.75,7638.75,346901.0,0,1
2018-09-05,7642.25,7643.25,7503.25,7531.75,470667.0,0,1
2018-09-06,7530.0,7544.5,7407.75,7457.5,522313.0,0,1
2018-09-07,7454.75,7494.75,7393.0,7438.5,650890.0,0,1
2018-09-09,,,,,,0,1
2018-09-10,7433.0,7483.5,7414.0,7460.25,606515.0,0,1
2018-09-11,7460.5,7524.75,7404.5,7512.0,418797.0,0,1
2018-09-12,7515.25,7541.0,7425.0,7485.75,467702.0,0,1
2018-09-13,7483.25,7583.25,7470.0,7564.5,586137.0,0,1
2018-09-14,7563.5,7598.75,7515.25,7544.75,459821.0,0,1
2018-09-16,,,,,,0,1
2018-09-17,7534.0,7547.25,7429.5,7436.25,237770.0,0,1
2018-09-18,7434.25,7535.25,7393.5,7495.25,197770.0,0,1
2018-09-19,7499.25,7517.25,7442.5,7497.5,171310.0,0,1
2018-09-20,7500.5,7587.5,7485.25,7579.75,95710.0,0,1
2018-09-21,7581.5,7619.25,7571.0,7589.0,74390.0,0,1
2018-09-23,,,,,,0,1
2018-09-24,7539.75,7594.0,7473.75,7586.0,371830.0,0,1
2018-09-25,7591.0,7603.25,7550.5,7595.25,390762.0,0,1
2018-09-26,7598.0,7668.0,7577.5,7590.25,318332.0,0,1
2018-09-27,7590.25,7686.25,7586.0,7657.25,405833.0,0,1
2018-09-28,7663.5,7677.0,7617.0,7655.25,377694.0,0,1
2018-09-30,,,,,,0,1
2018-10-01,7672.0,7728.75,7652.0,7675.5,381496.0,0,1
2018-10-02,7675.0,7712.75,7630.25,7652.75,358159.0,0,1
2018-10-03,7656.25,7703.75,7641.5,7664.75,392577.0,0,1
2018-10-04,7651.0,7651.0,7456.5,7514.25,394538.0,0,1
2018-10-05,7521.0,7540.0,7347.0,7436.0,704908.0,0,1
2018-10-07,,,,,,0,1
2018-10-08,7443.25,7453.25,7286.5,7391.75,735015.0,0,1
2018-10-09,7391.0,7455.75,7337.0,7399.0,615687.0,0,1
2018-10-10,7394.75,7412.0,7000.0,7032.0,583403.0,0,1
2018-10-11,7010.25,7138.0,6907.75,7031.0,924204.0,0,1
2018-10-12,7040.75,7197.75,7034.25,7172.25,1146270.0,0,1
2018-10-14,,,,,,0,1
2018-10-15,7176.75,7179.0,7060.75,7076.5,772623.0,0,1
2018-10-16,7068.25,7357.5,7063.5,7353.75,641765.0,0,1
2018-10-17,7339.75,7368.5,7221.5,7313.25,614355.0,0,1
2018-10-18,7307.75,7309.5,7094.5,7137.75,663303.0,0,1
2018-10-19,7154.0,7244.25,7092.75,7106.5,705908.0,0,1
2018-10-21,,,,,,0,1
2018-10-22,7085.75,7210.5,7057.0,7155.25,661050.0,0,1
2018-10-23,7155.0,7164.0,6944.0,7140.25,650331.0,0,1
2018-10-24,7136.25,7175.0,6785.75,6836.25,825811.0,0,1
2018-10-25,6878.5,7075.75,6816.75,6926.5,895420.0,0,1
2018-10-26,6882.0,6986.5,6734.25,6893.25,793502.0,0,1
2018-10-28,,,,,,0,1
2018-10-29,6898.0,6991.5,6580.5,6736.25,1069548.0,0,1
2018-10-30,6719.25,6849.25,6661.0,6815.25,905327.0,0,1
2018-10-31,6857.0,7039.25,6816.75,6975.5,832546.0,0,1
2018-11-01,6960.0,7079.75,6936.75,7077.75,755201.0,0,1
2018-11-02,6987.25,7143.25,6911.25,6980.25,589071.0,0,1
2018-11-04,,,,,,0,1
2018-11-05,6972.75,6998.5,6865.0,6949.5,793339.0,0,1
2018-11-06,6947.25,7034.75,6906.75,7016.5,506045.0,0,1
2018-11-07,7011.5,7225.0,6971.5,7218.5,514296.0,0,1
2018-11-08,7212.75,7231.0,7132.0,7166.0,621601.0,0,1
2018-11-09,7145.75,7166.25,6989.0,7031.25,477828.0,0,1
2018-11-11,,,,,,0,1
2018-11-12,7026.25,7103.75,6825.75,6835.0,596695.0,0,1
2018-11-13,6847.0,6962.0,6801.25,6853.0,702949.0,0,1
2018-11-14,6861.75,6929.5,6746.0,6768.25,711516.0,0,1
2018-11-15,6780.0,6920.5,6712.25,6915.5,731312.0,0,1
2018-11-16,6874.5,6915.0,6806.25,6895.25,793461.0,0,1
2018-11-18,,,,,,0,1
2018-11-19,6875.0,6934.5,6632.25,6672.0,691502.0,0,1
2018-11-20,6668.5,6670.0,6449.5,6532.5,743936.0,0,1
2018-11-21,6527.75,6647.75,6509.0,6576.25,910469.0,0,1
2018-11-23,,,,,,0,1
2018-11-25,,,,,,0,1
2018-11-26,6537.5,6696.5,6530.5,6673.25,362540.0,0,1
2018-11-27,6639.5,6723.0,6613.25,6712.5,503369.0,0,1
2018-11-28,6722.25,6923.5,6709.25,6918.25,577173.0,0,1
2018-11-29,6907.0,6943.75,6843.0,6913.25,639404.0,0,1
2018-11-30,6902.25,6967.25,6871.5,6949.5,530605.0,0,1
2018-12-02,,,,,,0,1
2018-12-03,7041.0,7139.0,7015.25,7058.25,485575.0,0,1
2018-12-04,7055.25,7055.25,6783.0,6803.25,575964.0,0,1
2018-12-06,6834.5,6854.25,6630.25,6824.5,70696.0,0,1
2018-12-07,6835.5,6856.5,6594.75,6623.5,986103.0,0,1
2018-12-09,,,,,,0,1
2018-12-10,6596.25,6714.5,6535.25,6699.25,854199.0,0,1
2018-12-11,6695.0,6808.75,6651.25,6717.0,778327.0,0,1
2018-12-12,6686.5,6872.0,6683.5,6769.0,734366.0,0,1
2018-12-13,6769.0,6838.5,6723.0,6752.0,663375.0,0,1
2018-12-14,6752.0,6760.75,6583.25,6599.5,626806.0,0,1
2018-12-16,,,,,,0,1
2018-12-17,6580.0,6635.25,6401.25,6466.25,351779.0,0,1
2018-12-18,6471.25,6555.75,6435.75,6462.75,323403.0,0,1
2018-12-19,6441.75,6594.0,6282.25,6334.75,229055.0,0,1
2018-12-20,6331.75,6385.25,6161.75,6308.5,174403.0,0,1
2018-12-21,6307.5,6317.75,6242.0,6257.25,95448.0,0,1
2018-12-23,,,,,,0,1
2018-12-24,,,,,,0,1
2018-12-26,5902.0,6310.0,5820.5,6285.5,449594.0,0,1
2018-12-27,6283.0,6333.0,6053.25,6323.5,642440.0,0,1
2018-12-28,6309.0,6402.5,6243.75,6293.25,740129.0,0,1
2018-12-30,,,,,,0,1
2018-12-31,6312.25,6376.75,6283.0,6333.25,644735.0,0,1
2019-01-02,6349.5,6409.25,6154.0,6371.0,386061.0,0,1
2019-01-03,6242.75,6304.25,6148.5,6162.0,659316.0,0,1
2019-01-04,6168.75,6462.0,6136.5,6434.0,714536.0,0,1
2019-01-06,,,,,,0,1
2019-01-07,6451.25,6535.75,6402.5,6496.5,696539.0,0,1
2019-01-08,6506.0,6586.25,6467.25,6557.25,516597.0,0,1
2019-01-09,6546.75,6645.0,6546.75,6604.75,539049.0,0,1
2019-01-10,6597.25,6641.75,6527.5,6625.25,496789.0,0,1
2019-01-11,6622.5,6632.5,6572.0,6612.75,496364.0,0,1
2019-01-13,,,,,,0,1
2019-01-14,6599.0,6602.5,6521.5,6545.0,364787.0,0,1
2019-01-15,6543.0,6689.0,6542.25,6676.75,364990.0,0,1
2019-01-16,6674.5,6737.25,6664.0,6666.25,492324.0,0,1
2019-01-17,6670.0,6760.0,6612.25,6720.0,443742.0,0,1
2019-01-18,6722.75,6828.25,6712.0,6792.75,472761.0,0,1
2019-01-20,,,,,,0,1
2019-01-22,6794.5,6794.5,6611.5,6653.0,499881.0,0,1
2019-01-23,6652.0,6724.25,6592.25,6665.25,651258.0,0,1
2019-01-24,6663.0,6718.5,6653.0,6675.0,515044.0,0,1
2019-01-25,6684.5,6810.5,6676.75,6791.25,449017.0,0,1
2019-01-27,,,,,,0,1
2019-01-28,6784.25,6791.0,6648.25,6701.75,446822.0,0,1
2019-01-29,6695.25,6721.0,6616.75,6638.75,490045.0,0,1
2019-01-30,6690.25,6845.25,6657.75,6837.25,441622.0,0,1
2019-01-31,6844.25,6943.0,6839.25,6914.75,526133.0,0,1
2019-02-01,6911.0,6927.5,6860.5,6877.75,557023.0,0,1
2019-02-03,,,,,,0,1
2019-02-04,6863.75,6983.0,6858.25,6937.5,461403.0,0,1
2019-02-05,6937.5,7033.75,6928.25,7008.0,353660.0,0,1
2019-02-06,7009.25,7038.75,6972.25,6995.75,369764.0,0,1
2019-02-07,6988.0,6994.75,6856.25,6905.5,376560.0,0,1
2019-02-08,6902.0,6926.25,6841.0,6916.75,595400.0,0,1
2019-02-10,,,,,,0,1
2019-02-11,6921.75,6969.5,6896.25,6914.25,464342.0,0,1
2019-02-12,6908.5,7028.5,6903.0,7018.5,384589.0,0,1
2019-02-13,7017.25,7069.75,7012.0,7016.25,363950.0,0,1
2019-02-14,7017.25,7057.5,6972.0,7019.75,359971.0,0,1
2019-02-15,7017.5,7095.25,6975.25,7063.75,490159.0,0,1
2019-02-17,,,,,,0,1
2019-02-19,7063.75,7094.75,7035.25,7068.25,430944.0,0,1
2019-02-20,7068.75,7105.0,7032.25,7073.25,386613.0,0,1
2019-02-21,7070.75,7113.75,7005.0,7034.5,418267.0,0,1
2019-02-22,7031.25,7101.25,7019.25,7088.25,432866.0,0,1
2019-02-24,,,,,,0,1
2019-02-25,7108.5,7168.5,7102.0,7125.75,367501.0,0,1
2019-02-26,7122.0,7151.0,7073.25,7117.75,346624.0,0,1
2019-02-27,7109.25,7131.75,7048.0,7121.75,362741.0,0,1
2019-02-28,7121.25,7130.75,7072.5,7102.5,367938.0,0,1
2019-03-01,7106.5,7164.5,7098.25,7156.0,360883.0,0,1
2019-03-03,,,,,,0,1
2019-03-04,7177.0,7211.5,7074.5,7145.75,383198.0,0,1
2019-03-05,7144.5,7182.0,7124.25,7165.5,556660.0,0,1
2019-03-06,7156.0,7171.25,7107.0,7111.25,364928.0,0,1
2019-03-07,7109.0,7123.25,7003.25,7027.5,444302.0,0,1
2019-03-08,7025.5,7034.0,6939.0,7026.75,556540.0,0,1
2019-03-10,,,,,,0,1
2019-03-11,7022.25,7176.75,6997.5,7164.75,312130.0,0,1
2019-03-12,7176.0,7223.0,7163.25,7206.5,203726.0,0,1
2019-03-13,7209.25,7295.5,7183.75,7267.75,167990.0,0,1
2019-03-14,7273.25,7293.5,7237.75,7239.75,127111.0,0,1
2019-03-15,7245.75,7288.0,7243.0,7270.35009765625,82276.0,0,1
2019-03-17,,,,,,0,1
2019-03-18,7338.0,7379.5,7321.75,7360.75,412124.0,0,1
2019-03-19,7362.25,7421.25,7351.25,7376.5,366874.0,0,1
2019-03-20,7378.0,7458.0,7349.5,7409.5,427134.0,0,1
2019-03-21,7400.5,7541.0,7367.75,7534.5,550615.0,0,1
2019-03-22,7526.75,7544.75,7353.0,7368.75,523249.0,0,1
2019-03-24,,,,,,0,1
2019-03-25,7372.25,7390.5,7290.0,7355.25,694561.0,0,1
2019-03-26,7363.0,7447.5,7340.5,7376.75,596897.0,0,1
2019-03-27,7383.5,7404.75,7276.0,7334.5,557412.0,0,1
2019-03-28,7323.5,7372.5,7289.5,7352.0,592979.0,0,1
2019-03-29,7350.25,7414.5,7350.25,7400.5,446378.0,0,1
2019-03-31,,,,,,0,1
2019-04-01,7430.0,7506.5,7428.5,7498.5,395579.0,0,1
2019-04-02,7495.25,7532.5,7483.75,7519.25,412914.0,0,1
2019-04-03,7517.0,7616.25,7513.25,7582.25,359192.0,0,1
2019-04-04,7581.25,7598.0,7522.0,7561.5,483546.0,0,1
2019-04-05,7565.0,7612.75,7556.0,7604.25,432440.0,0,1
2019-04-07,,,,,,0,1
2019-04-08,7607.75,7629.25,7561.25,7623.5,358710.0,0,1
2019-04-09,7625.75,7633.75,7578.75,7593.25,333328.0,0,1
2019-04-10,7590.5,7646.0,7575.75,7641.25,389517.0,0,1
2019-04-11,7644.0,7661.0,7601.5,7617.25,332696.0,0,1
2019-04-12,7617.0,7665.0,7611.0,7652.25,340950.0,0,1
2019-04-14,,,,,,0,1
2019-04-15,7654.0,7659.0,7598.75,7647.75,346210.0,0,1
2019-04-16,7650.75,7695.0,7648.75,7679.5,322483.0,0,1
2019-04-17,7676.5,7733.5,7668.5,7689.75,373199.0,0,1
2019-04-18,7691.5,7723.0,7660.25,7712.5,463944.0,0,1
2019-04-21,,,,,,0,1
2019-04-22,7715.25,7746.75,7669.75,7734.75,393586.0,0,1
2019-04-23,7738.0,7843.75,7724.5,7838.0,253668.0,0,1
2019-04-24,7833.5,7852.75,7802.25,7847.75,427149.0,0,1
2019-04-25,7855.25,7879.5,7792.0,7798.5,387633.0,0,1
2019-04-26,7799.25,7845.5,7755.5,7840.25,488329.0,0,1
2019-04-28,,,,,,0,1
2019-04-29,7837.25,7867.75,7805.5,7813.75,467051.0,0,1
2019-04-30,7805.25,7857.0,7740.0,7800.0,320324.0,0,1
2019-05-01,7848.75,7867.25,7736.0,7756.5,463833.0,0,1
2019-05-02,7737.75,7805.0,7682.25,7734.25,484406.0,0,1
2019-05-03,7739.0,7872.5,7734.75,7865.0,592822.0,0,1
2019-05-05,,,,,,0,1
2019-05-06,7810.0,7817.5,7667.5,7803.5,454088.0,0,1
2019-05-07,7744.75,7804.0,7581.25,7674.0,630196.0,0,1
2019-05-08,7663.75,7698.0,7600.0,7647.5,838952.0,0,1
2019-05-09,7639.75,7644.5,7481.0,7595.25,621509.0,0,1
2019-05-10,7591.0,7654.5,7435.75,7610.25,741216.0,0,1
2019-05-12,,,,,,0,1
2019-05-13,7534.25,7551.5,7305.0,7314.75,802652.0,0,1
2019-05-14,7315.25,7459.5,7290.0,7421.0,773473.0,0,1
2019-05-15,7429.25,7538.5,7353.75,7529.25,547769.0,0,1
2019-05-16,7524.25,7641.0,7473.5,7600.25,535915.0,0,1
2019-05-17,7600.75,7620.0,7506.5,7511.5,525588.0,0,1
2019-05-19,,,,,,0,1
2019-05-20,7514.75,7559.25,7361.5,7391.75,626777.0,0,1
2019-05-21,7408.25,7485.25,7400.75,7464.0,634294.0,0,1
2019-05-22,7462.75,7475.0,7391.25,7430.0,436744.0,0,1
2019-05-23,7430.75,7434.75,7268.0,7311.0,455678.0,0,1
2019-05-24,7316.75,7379.75,7300.5,7315.5,640165.0,0,1
2019-05-26,,,,,,0,1
2019-05-28,7315.5,7371.75,7280.25,7295.25,407810.0,0,1
2019-05-29,7291.5,7296.0,7183.25,7216.0,528983.0,0,1
2019-05-30,7214.75,7271.25,7208.5,7255.25,568052.0,0,1
2019-05-31,7251.75,7256.0,7129.25,7133.5,403475.0,0,1
2019-06-02,,,,,,0,1
2019-06-03,7110.0,7132.5,6941.25,6993.75,540433.0,0,1
2019-06-04,7008.75,7186.5,6981.75,7179.25,771723.0,0,1
2019-06-05,7189.0,7245.25,7150.25,7228.5,565396.0,0,1
2019-06-06,7213.75,7299.25,7181.0,7282.25,534798.0,0,1
2019-06-07,7266.5,7453.0,7257.75,7419.5,433916.0,0,1
2019-06-09,,,,,,0,1
2019-06-10,7469.0,7578.5,7431.25,7515.5,484835.0,0,1
2019-06-11,7519.5,7600.75,7492.75,7518.25,463884.0,0,1
2019-06-12,7517.75,7531.0,7461.0,7473.25,461725.0,0,1
2019-06-13,7476.0,7536.0,7421.0,7522.75,388858.0,0,1
2019-06-14,7503.25,7520.75,7451.5,7478.25,396174.0,0,1
2019-06-16,,,,,,0,1
2019-06-17,7481.0,7550.75,7476.0,7534.25,254822.0,0,1
2019-06-18,7542.25,7693.5,7514.75,7645.25,184038.0,0,1
2019-06-19,7641.0,7685.75,7601.75,7674.25,209971.0,0,1
2019-06-20,7668.0,7793.0,7660.0,7745.25,112587.0,0,1
2019-06-21,7737.0,7743.25,7701.5,7723.60986328125,101514.0,0,1
2019-06-23,,,,,,0,1
2019-06-24,7744.5,7794.25,7731.75,7758.75,379078.0,0,1
2019-06-25,7753.0,7779.5,7609.5,7628.75,260978.0,0,1
2019-06-26,7633.0,7719.0,7616.25,7650.0,424811.0,0,1
2019-06-27,7641.0,7716.5,7640.75,7690.5,376979.0,0,1
2019-06-28,7685.25,7726.0,7664.0,7693.75,300152.0,0,1
2019-06-30,,,,,,0,1
2019-07-01,7781.5,7849.75,7759.0,7790.0,310126.0,0,1
2019-07-02,7792.5,7843.25,7763.0,7838.25,406594.0,0,1
2019-07-03,,,,,,0,1
2019-07-05,7887.75,7909.75,7797.25,7851.5,209604.0,0,1
2019-07-07,,,,,,0,1
2019-07-08,7855.0,7863.5,7777.5,7801.0,375287.0,0,1
2019-07-09,7802.25,7858.75,7743.0,7845.25,342228.0,0,1
2019-07-10,7848.0,7949.5,7811.25,7928.75,346314.0,0,1
2019-07-11,7924.25,7963.25,7894.25,7918.75,442842.0,0,1
2019-07-12,7917.25,7967.5,7911.75,7960.0,407894.0,0,1
2019-07-14,,,,,,0,1
2019-07-15,7958.25,7992.0,7941.25,7986.75,299817.0,0,1
2019-07-16,7982.75,8001.5,7924.0,7942.75,247176.0,0,1
2019-07-17,7939.75,7966.25,7868.0,7885.5,303702.0,0,1
2019-07-18,7868.0,7954.75,7833.0,7933.5,303890.0,0,1
2019-07-19,7950.5,7980.75,7815.25,7842.75,413722.0,0,1
2019-07-21,,,,,,0,1
2019-07-22,7830.0,7936.5,7826.25,7924.75,438469.0,0,1
2019-07-23,7926.5,7985.75,7908.0,7983.75,355209.0,0,1
2019-07-24,7944.0,8051.75,7925.25,8038.0,357765.0,0,1
2019-07-25,8004.5,8034.5,7917.25,7981.75,356159.0,0,1
2019-07-26,7992.0,8040.75,7987.5,8019.75,433945.0,0,1
2019-07-28,,,,,,0,1
2019-07-29,8017.5,8031.75,7951.75,8001.25,322305.0,0,1
2019-07-30,8004.25,8020.0,7928.25,7963.25,301214.0,0,1
2019-07-31,7992.5,8001.25,7782.25,7866.75,394698.0,0,1
2019-08-01,7834.0,8014.5,7776.75,7808.25,556437.0,0,1
2019-08-02,7797.0,7806.0,7650.25,7702.25,772956.0,0,1
2019-08-04,,,,,,0,1
2019-08-05,7701.75,7705.5,7359.75,7385.25,736453.0,0,1
2019-08-06,7349.0,7549.0,7224.5,7515.5,848399.0,0,1
2019-08-07,7512.75,7577.5,7387.5,7553.25,845239.0,0,1
2019-08-08,7553.5,7738.5,7526.0,7735.75,851275.0,0,1
2019-08-09,7699.5,7724.0,7596.75,7660.25,553666.0,0,1
2019-08-11,,,,,,0,1
2019-08-12,7654.5,7710.0,7534.75,7566.75,619044.0,0,1
2019-08-13,7570.25,7789.5,7514.0,7748.0,552715.0,0,1
2019-08-14,7746.5,7767.5,7477.0,7488.75,674983.0,0,1
2019-08-15,7469.0,7572.75,7388.25,7496.25,825231.0,0,1
2019-08-16,7509.25,7632.5,7502.5,7611.75,705042.0,0,1
2019-08-18,,,,,,0,1
2019-08-19,7617.25,7750.0,7616.0,7727.5,449473.0,0,1
2019-08-20,7717.25,7752.0,7655.5,7668.0,401476.0,0,1
2019-08-21,7655.0,7765.75,7652.25,7750.25,414176.0,0,1
2019-08-22,7756.0,7782.25,7654.0,7711.25,344352.0,0,1
2019-08-23,7705.75,7762.0,7447.75,7504.5,487622.0,0,1
2019-08-25,,,,,,0,1
2019-08-26,7435.0,7626.0,7353.25,7590.5,763864.0,0,1
2019-08-27,7591.5,7648.5,7537.0,7562.75,617907.0,0,1
2019-08-28,7564.0,7605.75,7504.25,7599.25,520966.0,0,1
2019-08-29,7582.25,7730.25,7548.5,7712.0,480975.0,0,1
2019-08-30,7704.25,7770.5,7646.0,7690.75,447668.0,0,1
2019-09-01,,,,,,0,1
2019-09-03,7628.25,7695.5,7580.75,7617.5,450746.0,0,1
2019-09-04,7614.25,7730.0,7608.5,7722.75,643037.0,0,1
2019-09-05,7722.0,7886.75,7717.25,7855.5,399672.0,0,1
2019-09-06,7853.5,7895.0,7838.25,7857.75,478413.0,0,1
2019-09-08,,,,,,0,1
2019-09-09,7857.0,7887.0,7798.5,7830.75,356484.0,0,1
2019-09-10,7834.0,7857.75,7744.25,7815.0,372953.0,0,1
2019-09-11,7818.5,7905.0,7786.5,7889.75,446533.0,0,1
2019-09-12,7893.25,7982.75,7886.75,7921.5,383871.0,0,1
2019-09-13,7916.25,7958.5,7881.75,7886.0,448979.0,0,1
2019-09-15,,,,,,0,1
2019-09-16,7856.75,7873.25,7776.25,7856.5,243852.0,0,1
2019-09-17,7864.0,7897.5,7828.0,7890.25,199321.0,0,1
2019-09-18,7890.75,7906.75,7790.0,7894.25,147539.0,0,1
2019-09-19,7898.75,7951.0,7830.5,7896.25,122281.0,0,1
2019-09-20,7899.5,7932.75,7890.75,7899.47998046875,69135.0,0,1
2019-09-22,,,,,,0,1
2019-09-23,7839.25,7897.5,7807.75,7850.5,425158.0,0,1
2019-09-24,7869.0,7904.75,7701.75,7735.25,348180.0,0,1
2019-09-25,7738.25,7844.25,7663.0,7820.25,609261.0,0,1
2019-09-26,7822.5,7842.75,7734.75,7787.25,540081.0,0,1
2019-09-27,7787.0,7822.0,7641.0,7701.25,489320.0,0,1
2019-09-29,7735.5,7759.0,7705.75,7721.75,828309.0,0,1
2019-09-30,7735.5,7788.75,7705.75,7770.5,598171.0,0,1
2019-10-01,7784.0,7841.5,7691.0,7695.5,337872.0,0,1
2019-10-02,7711.0,7730.5,7525.5,7546.25,478759.0,0,1
2019-10-03,7551.5,7661.5,7474.25,7658.5,586568.0,0,1
2019-10-04,7656.75,7773.75,7624.0,7767.25,582820.0,0,1
2019-10-06,7712.5,7747.25,7682.5,7742.25,594280.0,0,1
2019-10-07,7712.5,7799.75,7682.5,7740.0,420539.0,0,1
2019-10-08,7736.0,7784.5,7613.5,7622.0,381262.0,0,1
2019-10-09,7621.0,7732.0,7604.5,7699.75,552145.0,0,1
2019-10-10,7702.25,7798.75,7583.25,7760.25,404170.0,0,1
2019-10-11,7783.25,7918.5,7767.0,7859.0,535042.0,0,1
2019-10-13,7850.25,7893.25,7850.0,7888.0,473679.0,0,1
2019-10-14,7850.25,7894.75,7807.0,7857.5,490521.0,0,1
2019-10-15,7862.25,7971.75,7859.75,7959.75,311101.0,0,1
2019-10-16,7960.0,7960.25,7907.5,7948.5,347657.0,0,1
2019-10-17,7954.25,7994.75,7922.0,7952.75,347550.0,0,1
2019-10-18,7953.75,7958.5,7835.75,7880.75,368623.0,0,1
2019-10-20,7874.25,7892.5,7865.75,7888.25,440904.0,0,1
2019-10-21,7874.25,7951.75,7865.75,7948.25,437753.0,0,1
2019-10-22,7949.25,7988.75,7837.25,7858.75,275031.0,0,1
2019-10-23,7846.25,7918.25,7810.25,7901.5,377545.0,0,1
2019-10-24,7922.75,7984.0,7913.25,7928.25,348671.0,0,1
2019-10-25,7928.5,8041.5,7918.5,8035.75,380967.0,0,1
2019-10-27,8048.0,8062.75,8048.0,8056.75,487493.0,0,1
2019-10-28,8048.0,8127.5,8048.0,8094.75,348318.0,0,1
2019-10-29,8109.25,8118.75,8050.75,8055.25,309114.0,0,1
2019-10-30,8057.25,8141.0,8020.5,8111.25,351246.0,0,1
2019-10-31,8128.5,8139.0,8046.0,8090.25,381307.0,0,1
2019-11-01,8094.25,8168.0,8084.5,8160.25,448458.0,0,1
2019-11-03,8165.0,8181.0,8164.0,8178.75,103460.0,0,1
2019-11-04,8165.0,8233.75,8164.0,8215.75,348326.0,0,1
2019-11-05,8221.5,8248.0,8193.25,8210.75,325479.0,0,1
2019-11-06,8208.0,8228.25,8161.0,8207.25,305795.0,0,1
2019-11-07,8213.75,8282.25,8190.0,8230.5,314414.0,0,1
2019-11-08,8230.0,8264.25,8190.0,8257.25,366403.0,0,1
2019-11-10,8257.25,8261.75,8251.5,8254.0,64506.0,0,1
2019-11-11,8257.25,8261.75,8206.5,8249.75,326871.0,0,1
2019-11-12,8253.25,8300.25,8228.5,8275.0,229844.0,0,1
2019-11-13,8273.0,8281.5,8220.0,8265.75,316729.0,0,1
2019-11-14,8269.0,8285.5,8216.25,8265.5,382042.0,0,1
2019-11-15,8267.5,8324.0,8261.25,8318.75,381593.0,0,1
2019-11-17,8318.75,8323.0,8307.25,8308.25,100795.0,0,1
2019-11-18,8318.75,8367.0,8279.25,8333.5,367145.0,0,1
2019-11-19,8335.0,8379.0,8312.5,8341.5,370609.0,0,1
2019-11-20,8333.0,8348.0,8231.0,8291.75,373942.0,0,1
2019-11-21,8261.5,8308.0,8240.0,8274.5,526978.0,0,1
2019-11-22,8280.25,8313.5,8233.25,8280.5,411833.0,0,1
2019-11-24,8303.25,8311.75,8296.5,8302.75,170149.0,0,1
2019-11-25,8303.25,8379.25,8296.5,8376.5,344497.0,0,1
2019-11-26,8374.25,8422.0,8366.25,8400.75,259485.0,0,1
2019-11-27,8402.75,8458.75,8397.0,8454.75,285726.0,0,1
2019-11-29,,,,,,0,1
2019-12-01,8424.5,8435.25,8422.5,8431.0,146577.0,0,1
2019-12-02,8424.5,8457.25,8276.5,8316.0,242603.0,0,1
2019-12-03,8313.75,8337.5,8168.25,8251.25,559474.0,0,1
2019-12-04,8258.75,8319.25,8220.5,8295.25,614317.0,0,1
2019-12-05,8296.25,8340.0,8273.25,8309.25,413647.0,0,1
2019-12-06,8311.0,8409.5,8307.75,8400.25,370987.0,0,1
2019-12-08,8401.5,8415.0,8401.0,8405.25,66578.0,0,1
2019-12-09,8401.5,8427.25,8347.0,8356.0,302782.0,0,1
2019-12-10,8354.5,8398.0,8297.0,8363.75,292419.0,0,1
2019-12-11,8366.25,8411.0,8345.0,8405.5,403364.0,0,1
2019-12-12,8407.5,8497.0,8381.0,8465.25,304183.0,0,1
2019-12-13,8485.0,8523.75,8435.5,8494.0,554338.0,0,1
2019-12-15,8507.0,8516.5,8503.25,8509.25,59053.0,0,1
2019-12-16,8507.0,8587.75,8503.25,8576.0,335038.0,0,1
2019-12-17,8576.0,8596.75,8563.25,8576.25,192050.0,0,1
2019-12-18,8569.75,8612.0,8567.75,8590.25,145053.0,0,1
2019-12-19,8598.0,8655.5,8580.25,8642.5,98301.0,0,1
2019-12-20,8651.0,8707.4599609375,8638.25,8707.4599609375,65776.0,0,1
2019-12-22,8710.75,8723.5,8707.5,8722.25,147426.0,0,1
2019-12-23,8710.75,8743.25,8707.5,8726.5,307870.0,0,1
2019-12-24,,,,,,0,1
2019-12-26,8730.25,8805.0,8729.0,8804.25,106029.0,0,1
2019-12-27,8801.0,8843.5,8769.0,8783.25,170684.0,0,1
2019-12-29,8783.5,8799.5,8783.0,8797.75,169212.0,0,1
2019-12-30,8783.5,8809.75,8691.25,8733.75,322888.0,0,1
2019-12-31,8731.75,8772.25,8692.25,8752.25,404047.0,0,1
2020-01-02,8776.75,8901.5,8769.5,8891.75,284519.0,0,1
2020-01-03,8895.5,8907.25,8735.25,8810.0,416637.0,0,1
2020-01-05,8772.25,8779.25,8747.75,8777.5,538211.0,0,1
2020-01-06,8772.25,8873.0,8723.0,8847.5,599887.0,0,1
2020-01-07,8853.25,8894.75,8825.75,8853.0,469514.0,0,1
2020-01-08,8841.5,8972.25,8678.0,8944.5,510004.0,0,1
2020-01-09,8948.75,9022.25,8932.5,9009.0,723085.0,0,1
2020-01-10,9010.0,9055.5,8966.25,8978.25,457262.0,0,1
2020-01-12,8979.0,8999.5,8979.0,8987.5,223863.0,0,1
2020-01-13,8979.0,9095.5,8979.0,9088.25,472166.0,0,1
2020-01-14,9087.75,9114.75,9035.0,9062.5,380440.0,0,1
2020-01-15,9062.0,9096.0,9023.0,9060.0,553343.0,0,1
2020-01-16,9061.75,9140.25,9061.5,9133.5,497100.0,0,1
2020-01-17,9137.0,9189.25,9130.0,9174.5,397881.0,0,1
2020-01-19,9174.0,9184.5,9168.0,9184.25,146148.0,0,1
2020-01-21,9174.0,9199.75,9114.75,9169.75,438669.0,0,1
2020-01-22,9179.5,9254.0,9174.25,9195.75,532160.0,0,1
2020-01-23,9190.0,9253.5,9151.75,9248.25,519015.0,0,1
2020-01-24,9252.0,9287.25,9109.5,9144.5,616950.0,0,1
2020-01-26,9077.0,9077.0,8994.0,9011.25,1098059.0,0,1
2020-01-27,9077.0,9077.0,8925.5,8954.5,758796.0,0,1
2020-01-28,8952.5,9136.25,8952.5,9105.25,792705.0,0,1
2020-01-29,9119.5,9158.75,9072.25,9098.5,632550.0,0,1
2020-01-30,9111.25,9240.0,9003.5,9216.25,578408.0,0,1
2020-01-31,9226.5,9248.75,8966.0,8997.75,846585.0,0,1
2020-02-02,8982.75,9038.25,8975.0,9019.25,732576.0,0,1
2020-02-03,8982.75,9155.75,8975.0,9114.25,898384.0,0,1
2020-02-04,9099.0,9369.25,9073.0,9355.0,680726.0,0,1
2020-02-05,9357.0,9462.75,9317.75,9381.5,563913.0,0,1
2020-02-06,9390.0,9464.0,9362.5,9455.5,729548.0,0,1
2020-02-07,9467.0,9471.0,9385.0,9409.5,545054.0,0,1
2020-02-09,9401.5,9424.0,9330.75,9361.5,490693.0,0,1
2020-02-10,9401.5,9531.5,9330.75,9527.5,592695.0,0,1
2020-02-11,9525.0,9609.5,9501.25,9527.25,500147.0,0,1
2020-02-12,9536.25,9628.25,9523.75,9625.75,589570.0,0,1
2020-02-13,9621.5,9644.75,9511.25,9613.0,454472.0,0,1
2020-02-14,9626.25,9659.25,9588.0,9632.25,613580.0,0,1
2020-02-16,9635.0,9668.75,9634.25,9664.75,247254.0,0,1
2020-02-18,9635.0,9687.5,9534.25,9636.0,489387.0,0,1
2020-02-19,9643.25,9748.75,9641.25,9733.5,668505.0,0,1
2020-02-20,9744.75,9763.0,9517.0,9624.25,419130.0,0,1
2020-02-21,9617.25,9623.75,9411.5,9458.0,802424.0,0,1
2020-02-23,9355.25,9365.0,9289.0,9321.5,936605.0,0,1
2020-02-24,9355.25,9365.0,9041.25,9091.0,911839.0,0,1
2020-02-25,9091.0,9224.25,8810.0,8854.25,1171879.0,0,1
2020-02-26,8868.25,9037.5,8709.5,8850.25,1344897.0,0,1
2020-02-27,8703.0,8845.25,8311.5,8397.75,655262410.0,0,1
2020-02-28,8275.0,8574.75,8126.25,8548.0,695050074.0,0,1
2020-03-01,8349.25,8386.0,8224.25,8338.5,914425.0,0,1
2020-03-02,8497.0,8883.25,8363.5,8833.0,613413929.0,0,1
2020-03-03,8788.5,9002.5,8508.25,8552.75,505605035.0,0,1
2020-03-04,8693.75,8950.0,8665.25,8870.0,404846104.0,0,1
2020-03-05,8827.75,8876.75,8610.75,8688.0,374742058.0,0,1
2020-03-06,8544.75,8594.75,8312.25,8501.75,439545500.0,0,1
2020-03-08,8369.0,8375.0,8102.0,8121.25,2967873.0,0,1
2020-03-09,8093.25,8240.25,7814.25,8131.5,167300732.0,0,1
2020-03-10,8184.25,8378.75,7932.0,8178.25,366528823.0,0,1
2020-03-11,8178.0,8247.0,7893.0,7989.5,336223591.0,0,1
